date,gld_close,gld_volume
2020-01-02,143.9499969482422,7733800
2020-01-03,145.86000061035156,12272800
2020-01-06,147.38999938964844,14403300
2020-01-07,147.97000122070312,7978500
2020-01-08,146.86000061035156,22248500
2020-01-09,146.02999877929688,10292300
2020-01-10,146.91000366210938,6183300
2020-01-13,145.82000732421875,7593800
2020-01-14,145.69000244140625,6589700
2020-01-15,146.5399932861328,6510000
2020-01-16,146.30999755859375,6069100
2020-01-17,146.5800018310547,11121100
2020-01-21,146.74000549316406,6086100
2020-01-22,146.7899932861328,4778200
2020-01-23,147.1199951171875,8419800
2020-01-24,147.97999572753906,9919900
2020-01-27,148.99000549316406,9988100
2020-01-28,147.66000366210938,7543100
2020-01-29,148.4600067138672,5013100
2020-01-30,148.47000122070312,9119500
2020-01-31,149.3300018310547,14788300
2020-02-03,148.36000061035156,9105300
2020-02-04,146.42999267578125,10525600
2020-02-05,146.61000061035156,6160700
2020-02-06,147.39999389648438,4819800
2020-02-07,147.7899932861328,6379300
2020-02-10,148.1699981689453,5793600
2020-02-11,147.66000366210938,5179400
2020-02-12,147.5399932861328,5040600
2020-02-13,148.3800048828125,7082100
2020-02-14,149.0,5345400
2020-02-18,150.91000366210938,11524900
2020-02-19,151.7899932861328,9269800
2020-02-20,152.41000366210938,8457300
2020-02-21,154.6999969482422,16344500
2020-02-24,156.08999633789062,27171000
2020-02-25,153.3000030517578,28091500
2020-02-26,153.97000122070312,17912500
2020-02-27,154.0,27878500
2020-02-28,148.3800048828125,42699600
2020-03-02,149.1999969482422,16295400
2020-03-03,153.88999938964844,28687700
2020-03-04,154.16000366210938,12315500
2020-03-05,157.49000549316406,17973500
2020-03-06,157.5500030517578,26973400
2020-03-09,157.80999755859375,24868700
2020-03-10,154.47999572753906,18811500
2020-03-11,153.92999267578125,18159900
2020-03-12,147.7899932861328,32893400
2020-03-13,143.27999877929688,35177200
2020-03-16,141.63999938964844,24496000
2020-03-17,143.55999755859375,24490300
2020-03-18,140.6999969482422,21953400
2020-03-19,138.0399932861328,20828900
2020-03-20,140.11000061035156,20056000
2020-03-23,146.3000030517578,28275200
2020-03-24,153.39999389648438,20743500
2020-03-25,151.3000030517578,16457200
2020-03-26,153.24000549316406,12778200
2020-03-27,152.25,9824600
2020-03-30,152.9199981689453,12080900
2020-03-31,148.0500030517578,13319500
2020-04-01,149.4499969482422,11827400
2020-04-02,151.89999389648438,9188300
2020-04-03,152.64999389648438,8469100
2020-04-06,156.8800048828125,14739300
2020-04-07,156.0399932861328,9195400
2020-04-08,154.64999389648438,7600800
2020-04-09,158.69000244140625,18123000
2020-04-13,161.41000366210938,20549200
2020-04-14,162.67999267578125,17095100
2020-04-15,161.85000610351562,12141900
2020-04-16,161.7100067138672,9233200
2020-04-17,158.57000732421875,14652700
2020-04-20,159.6999969482422,10688700
2020-04-21,158.61000061035156,12478100
2020-04-22,161.72999572753906,12902100
2020-04-23,163.33999633789062,14928500
2020-04-24,162.63999938964844,11199300
2020-04-27,161.55999755859375,9033500
2020-04-28,160.83999633789062,10383000
2020-04-29,161.72999572753906,12232300
2020-04-30,158.8000030517578,13633500
2020-05-01,159.77999877929688,10914300
2020-05-04,160.33999633789062,7986200
2020-05-05,161.02000427246094,10563100
2020-05-06,158.9499969482422,13352000
2020-05-07,161.38999938964844,13691700
2020-05-08,160.4199981689453,12240900
2020-05-11,159.4199981689453,11209800
2020-05-12,160.0399932861328,10406000
2020-05-13,161.5800018310547,10950400
2020-05-14,163.00999450683594,17084400
2020-05-15,163.92999267578125,13918800
2020-05-18,162.69000244140625,14133800
2020-05-19,164.25999450683594,8535800
2020-05-20,164.64999389648438,10666100
2020-05-21,162.25,11791000
2020-05-22,163.2100067138672,8540900
2020-05-26,160.88999938964844,13972000
2020-05-27,161.17999267578125,13063500
2020-05-28,161.72000122070312,9758500
2020-05-29,162.91000366210938,12581800
2020-06-01,163.66000366210938,8140200
2020-06-02,162.60000610351562,10388900
2020-06-03,159.60000610351562,17000500
2020-06-04,161.27999877929688,10094000
2020-06-05,158.00999450683594,16021200
2020-06-08,159.72000122070312,9244400
2020-06-09,161.25999450683594,9045600
2020-06-10,163.57000732421875,13009300
2020-06-11,162.38999938964844,11673900
2020-06-12,162.6199951171875,6895400
2020-06-15,162.3300018310547,8532500
2020-06-16,162.25,7964000
2020-06-17,162.55999755859375,4758200
2020-06-18,162.24000549316406,5397600
2020-06-19,164.02999877929688,12187400
2020-06-22,165.08999633789062,12385600
2020-06-23,166.47999572753906,12137300
2020-06-24,165.89999389648438,10901400
2020-06-25,165.8000030517578,7093800
2020-06-26,166.5399932861328,9753500
2020-06-29,166.6300048828125,6735700
2020-06-30,167.3699951171875,12762300
2020-07-01,166.6199951171875,13214800
2020-07-02,166.97999572753906,8753500
2020-07-06,167.97999572753906,7265700
2020-07-07,169.0399932861328,11633100
2020-07-08,170.08999633789062,11662700
2020-07-09,169.6300048828125,13327400
2020-07-10,169.19000244140625,8218000
2020-07-13,169.39999389648438,11095900
2020-07-14,170.19000244140625,9812700
2020-07-15,170.33999633789062,7533800
2020-07-16,168.72999572753906,10242400
2020-07-17,170.1199951171875,10296000
2020-07-20,170.94000244140625,10095500
2020-07-21,173.0,12826100
2020-07-22,175.6300048828125,18712500
2020-07-23,177.17999267578125,23006800
2020-07-24,178.6999969482422,15601300
2020-07-27,182.22999572753906,21115600
2020-07-28,183.75,21164600
2020-07-29,185.1300048828125,25640100
2020-07-30,183.75999450683594,18061200
2020-07-31,185.42999267578125,15876700
2020-08-03,185.63999938964844,12897000
2020-08-04,189.58999633789062,20773200
2020-08-05,191.35000610351562,27078100
2020-08-06,193.88999938964844,20640100
2020-08-07,190.80999755859375,24570200
2020-08-10,190.14999389648438,19047200
2020-08-11,179.94000244140625,45355000
2020-08-12,179.10000610351562,28660500
2020-08-13,183.3300018310547,18596800
2020-08-14,182.5399932861328,11792000
2020-08-17,186.5,15709800
2020-08-18,188.17999267578125,16291600
2020-08-19,182.24000549316406,24646900
2020-08-20,183.5,16692200
2020-08-21,182.02999877929688,12713700
2020-08-24,181.0,11605800
2020-08-25,181.22000122070312,10056100
2020-08-26,183.36000061035156,12715800
2020-08-27,181.24000549316406,16299200
2020-08-28,184.38999938964844,13200800
2020-08-31,184.8300018310547,10251200
2020-09-01,185.0500030517578,10662100
2020-09-02,182.6199951171875,11536900
2020-09-03,181.13999938964844,12148100
2020-09-04,181.63999938964844,11567900
2020-09-08,181.2899932861328,13229200
2020-09-09,183.0500030517578,8424100
2020-09-10,182.4600067138672,9143600
2020-09-11,182.4499969482422,7662300
2020-09-14,183.88999938964844,9709500
2020-09-15,183.4499969482422,7993700
2020-09-16,183.97000122070312,12702400
2020-09-17,182.9600067138672,8836200
2020-09-18,183.1999969482422,9959700
2020-09-21,179.52000427246094,17436100
2020-09-22,178.64999389648438,7977900
2020-09-23,174.7899932861328,18134000
2020-09-24,175.44000244140625,11759200
2020-09-25,174.94000244140625,6779200
2020-09-28,176.6999969482422,7109700
2020-09-29,178.19000244140625,8718500
2020-09-30,177.1199951171875,8371800
2020-10-01,178.6999969482422,10402800
2020-10-02,178.5399932861328,7488500
2020-10-05,179.41000366210938,6969600
2020-10-06,177.3000030517578,8632800
2020-10-07,177.22000122070312,6410900
2020-10-08,177.85000610351562,6530800
2020-10-09,181.0800018310547,15979800
2020-10-12,180.55999755859375,4843000
2020-10-13,177.72000122070312,8384300
2020-10-14,178.27000427246094,9076600
2020-10-15,178.9199981689453,6815400
2020-10-16,178.3000030517578,7260700
2020-10-19,178.38999938964844,6084400
2020-10-20,179.25,7121400
2020-10-21,180.60000610351562,7548100
2020-10-22,178.8300018310547,8377000
2020-10-23,178.63999938964844,5919300
2020-10-26,178.5500030517578,5105100
2020-10-27,179.02000427246094,5826900
2020-10-28,176.1300048828125,11734100
2020-10-29,175.39999389648438,8474500
2020-10-30,176.1999969482422,7303000
2020-11-02,177.91000366210938,6498400
2020-11-03,178.9199981689453,7577200
2020-11-04,178.82000732421875,11117300
2020-11-05,182.92999267578125,16102800
2020-11-06,183.19000244140625,10378300
2020-11-09,175.0800018310547,29800700
2020-11-10,175.66000366210938,11728500
2020-11-11,174.89999389648438,9008500
2020-11-12,175.9600067138672,7167900
2020-11-13,177.16000366210938,6469800
2020-11-16,177.14999389648438,8358500
2020-11-17,176.5,8229100
2020-11-18,175.49000549316406,7384700
2020-11-19,175.16000366210938,6965100
2020-11-20,175.69000244140625,6379400
2020-11-23,172.22999572753906,15510600
2020-11-24,169.58999633789062,19504000
2020-11-25,169.50999450683594,10286600
2020-11-27,167.7899932861328,10569100
2020-11-30,166.6699981689453,13210000
2020-12-01,170.17999267578125,13533300
2020-12-02,171.4600067138672,9199700
2020-12-03,172.80999755859375,10457300
2020-12-04,172.32000732421875,10098600
2020-12-07,174.88999938964844,10555100
2020-12-08,175.5,6348400
2020-12-09,172.5,10743200
2020-12-10,172.1699981689453,6564000
2020-12-11,172.49000549316406,6084800
2020-12-14,171.5399932861328,7644400
2020-12-15,173.94000244140625,6840500
2020-12-16,174.89999389648438,8174700
2020-12-17,176.74000549316406,9475800
2020-12-18,176.44000244140625,6789900
2020-12-21,175.8800048828125,8168900
2020-12-22,174.49000549316406,9442400
2020-12-23,175.64999389648438,6542800
2020-12-24,176.35000610351562,3695400
2020-12-28,175.7100067138672,7778700
2020-12-29,176.35000610351562,5983700
2020-12-30,177.6999969482422,5914000
2020-12-31,178.36000061035156,7540800
2021-01-04,182.3300018310547,14331400
2021-01-05,182.8699951171875,12718800
2021-01-06,179.89999389648438,18453500
2021-01-07,179.47999572753906,7110200
2021-01-08,173.33999633789062,24399900
2021-01-11,173.0,8571400
2021-01-12,174.1199951171875,9798500
2021-01-13,173.3699951171875,14110300
2021-01-14,173.27999877929688,13522700
2021-01-15,171.1300048828125,16172500
2021-01-19,172.5800018310547,7485700
2021-01-20,175.38999938964844,9456000
2021-01-21,175.27999877929688,7246800
2021-01-22,173.89999389648438,7269600
2021-01-25,174.0500030517578,5936800
2021-01-26,173.6199951171875,4685600
2021-01-27,172.52000427246094,9036500
2021-01-28,172.67999267578125,9392400
2021-01-29,172.61000061035156,11252800
2021-02-01,174.22999572753906,9105500
2021-02-02,172.11000061035156,7221700
2021-02-03,171.85000610351562,4658100
2021-02-04,168.14999389648438,13736600
2021-02-05,169.80999755859375,6538500
2021-02-08,171.52000427246094,6887500
2021-02-09,172.0800018310547,5131800
2021-02-10,172.7100067138672,6112800
2021-02-11,171.2100067138672,5994500
2021-02-12,170.69000244140625,6018900
2021-02-16,168.24000549316406,14761100
2021-02-17,166.3300018310547,11400700
2021-02-18,166.32000732421875,7498200
2021-02-19,167.00999450683594,8273500
2021-02-22,169.50999450683594,10072000
2021-02-23,169.1199951171875,8616800
2021-02-24,169.0,8890600
2021-02-25,165.82000732421875,16359400
2021-02-26,161.80999755859375,23730400
2021-03-01,161.52999877929688,13828300
2021-03-02,162.41000366210938,11424600
2021-03-03,160.6199951171875,13059900
2021-03-04,159.0399932861328,13870100
2021-03-05,159.13999938964844,12821600
2021-03-08,157.49000549316406,12134900
2021-03-09,160.83999633789062,10382600
2021-03-10,161.66000366210938,7962000
2021-03-11,161.52000427246094,6749200
2021-03-12,161.49000549316406,8608500
2021-03-15,162.1999969482422,8104500
2021-03-16,162.35000610351562,7547400
2021-03-17,163.50999450683594,12626700
2021-03-18,162.55999755859375,8711100
2021-03-19,163.24000549316406,6868900
2021-03-22,163.0,5240000
2021-03-23,161.80999755859375,6048300
2021-03-24,162.3699951171875,6183700
2021-03-25,161.77999877929688,8398600
2021-03-26,162.24000549316406,6153900
2021-03-29,160.30999755859375,8409300
2021-03-30,157.57000732421875,8353200
2021-03-31,159.9600067138672,10623800
2021-04-01,161.97999572753906,7105200
2021-04-05,161.9199981689453,6163800
2021-04-06,163.22000122070312,6761200
2021-04-07,162.75999450683594,5436000
2021-04-08,164.50999450683594,6574500
2021-04-09,163.27000427246094,6657900
2021-04-12,162.27999877929688,4896700
2021-04-13,163.42999267578125,6995900
2021-04-14,162.72000122070312,6312300
2021-04-15,165.35000610351562,8250600
2021-04-16,166.35000610351562,10057600
2021-04-19,165.88999938964844,5721700
2021-04-20,166.47999572753906,6532000
2021-04-21,168.1300048828125,8380200
2021-04-22,167.0399932861328,7680100
2021-04-23,166.39999389648438,7106400
2021-04-26,166.83999633789062,4786600
2021-04-27,166.4199981689453,5363500
2021-04-28,166.91000366210938,6932200
2021-04-29,166.22000122070312,9067600
2021-04-30,165.66000366210938,6248700
2021-05-03,167.80999755859375,9014700
2021-05-04,166.5800018310547,10267400
2021-05-05,167.27000427246094,5950000
2021-05-06,170.05999755859375,13574100
2021-05-07,171.58999633789062,14748600
2021-05-10,172.11000061035156,8276600
2021-05-11,172.13999938964844,8348200
2021-05-12,170.42999267578125,12666300
2021-05-13,171.1300048828125,8078300
2021-05-14,172.69000244140625,9686800
2021-05-17,174.6999969482422,11956800
2021-05-18,175.0399932861328,7294000
2021-05-19,175.16000366210938,20741100
2021-05-20,175.9600067138672,9802800
2021-05-21,176.0399932861328,7677200
2021-05-24,176.35000610351562,5557300
2021-05-25,177.9499969482422,8986900
2021-05-26,177.63999938964844,8495400
2021-05-27,177.7100067138672,7993000
2021-05-28,178.3800048828125,9967000
2021-06-01,177.89999389648438,9143300
2021-06-02,178.77000427246094,6613100
2021-06-03,175.27000427246094,10153900
2021-06-04,177.16000366210938,8375300
2021-06-07,177.8699951171875,7709100
2021-06-08,177.32000732421875,5905800
2021-06-09,176.97999572753906,6346100
2021-06-10,177.74000549316406,9896600
2021-06-11,175.74000549316406,7836900
2021-06-14,174.7100067138672,7733600
2021-06-15,174.0500030517578,7550200
2021-06-16,171.11000061035156,16919700
2021-06-17,165.85000610351562,27232200
2021-06-18,164.92999267578125,15744300
2021-06-21,166.9499969482422,8371000
2021-06-22,166.25,7223900
2021-06-23,166.13999938964844,8474300
2021-06-24,166.0399932861328,6903400
2021-06-25,166.58999633789062,7473700
2021-06-28,166.5800018310547,6508900
2021-06-29,164.8300018310547,7451400
2021-06-30,165.6300048828125,7955800
2021-07-01,166.1999969482422,7430500
2021-07-02,167.2899932861328,7873600
2021-07-06,168.1199951171875,7932100
2021-07-07,168.75999450683594,7108900
2021-07-08,168.64999389648438,7244300
2021-07-09,169.2100067138672,4997400
2021-07-12,169.0,7315400
2021-07-13,169.22000122070312,7040300
2021-07-14,171.0399932861328,8830300
2021-07-15,171.07000732421875,6520100
2021-07-16,169.41000366210938,9460300
2021-07-19,169.61000061035156,6707400
2021-07-20,169.38999938964844,6540100
2021-07-21,168.75999450683594,4622600
2021-07-22,169.08999633789062,4793600
2021-07-23,168.55999755859375,5831500
2021-07-26,168.16000366210938,5229800
2021-07-27,168.44000244140625,6300200
2021-07-28,169.2899932861328,7905800
2021-07-29,171.1699981689453,8119600
2021-07-30,169.82000732421875,7391700
2021-08-02,169.61000061035156,10783200
2021-08-03,169.49000549316406,5402300
2021-08-04,169.52999877929688,9796300
2021-08-05,168.86000061035156,8015000
2021-08-06,164.63999938964844,13547600
2021-08-09,161.72000122070312,11547000
2021-08-10,161.77000427246094,6870800
2021-08-11,164.0,7382400
2021-08-12,164.0399932861328,5211700
2021-08-13,166.38999938964844,7466900
2021-08-16,167.22000122070312,7776500
2021-08-17,166.97000122070312,7107000
2021-08-18,167.10000610351562,7697900
2021-08-19,166.61000061035156,6934300
2021-08-20,166.6999969482422,7154000
2021-08-23,168.72999572753906,8190500
2021-08-24,168.64999389648438,4519200
2021-08-25,167.47999572753906,5588800
2021-08-26,167.6699981689453,4371900
2021-08-27,170.19000244140625,10036400
2021-08-30,169.35000610351562,3768600
2021-08-31,169.69000244140625,6336000
2021-09-01,169.6999969482422,4764900
2021-09-02,169.25,4599800
2021-09-03,171.05999755859375,8353300
2021-09-07,167.7100067138672,10004600
2021-09-08,167.2899932861328,6576000
2021-09-09,168.02999877929688,6641400
2021-09-10,167.17999267578125,7426300
2021-09-13,167.74000549316406,5474300
2021-09-14,168.82000732421875,7922900
2021-09-15,167.8300018310547,5624900
2021-09-16,164.02999877929688,11780400
2021-09-17,163.77000427246094,8369700
2021-09-20,164.94000244140625,7566600
2021-09-21,166.0399932861328,7181500
2021-09-22,165.4199981689453,9777800
2021-09-23,163.50999450683594,8451900
2021-09-24,163.3000030517578,6937500
2021-09-27,163.63999938964844,4943000
2021-09-28,162.0500030517578,9282800
2021-09-29,161.32000732421875,8360700
2021-09-30,164.22000122070312,10572900
2021-10-01,164.58999633789062,6654700
2021-10-04,165.36000061035156,7651700
2021-10-05,164.58999633789062,5617300
2021-10-06,165.02999877929688,6067200
2021-10-07,164.16000366210938,4791500
2021-10-08,164.22999572753906,8536100
2021-10-11,163.9199981689453,3820100
2021-10-12,164.66000366210938,5453000
2021-10-13,167.58999633789062,11113800
2021-10-14,168.0,5081400
2021-10-15,165.3300018310547,8699200
2021-10-18,164.9199981689453,4029600
2021-10-19,165.4499969482422,6588500
2021-10-20,166.89999389648438,5022000
2021-10-21,166.75,4412400
2021-10-22,167.77000427246094,10703900
2021-10-25,168.92999267578125,4881300
2021-10-26,167.67999267578125,6658900
2021-10-27,168.1199951171875,5823100
2021-10-28,168.0800018310547,7000700
2021-10-29,166.64999389648438,7531900
2021-11-01,167.52000427246094,4975600
2021-11-02,167.16000366210938,3760700
2021-11-03,165.77000427246094,9055200
2021-11-04,167.64999389648438,6656100
2021-11-05,169.83999633789062,9368900
2021-11-08,170.4499969482422,4966100
2021-11-09,171.2899932861328,5781200
2021-11-10,173.14999389648438,11461800
2021-11-11,174.1199951171875,5959600
2021-11-12,174.4499969482422,7894800
2021-11-15,174.17999267578125,5630800
2021-11-16,172.9199981689453,8667300
2021-11-17,174.5,6523100
2021-11-18,173.94000244140625,6252000
2021-11-19,172.61000061035156,8785600
2021-11-22,168.74000549316406,13091900
2021-11-23,167.27999877929688,8047800
2021-11-24,167.1199951171875,5359500
2021-11-26,166.85000610351562,9605200
2021-11-29,166.6199951171875,7394900
2021-11-30,165.5,12925300
2021-12-01,166.16000366210938,7808600
2021-12-02,165.24000549316406,9604100
2021-12-03,166.6300048828125,9507900
2021-12-06,166.22000122070312,4813600
2021-12-07,166.80999755859375,4900700
2021-12-08,166.89999389648438,4288900
2021-12-09,165.8800048828125,4913800
2021-12-10,166.5800018310547,6450600
2021-12-13,167.0,6610700
2021-12-14,165.44000244140625,8637900
2021-12-15,166.14999389648438,14231200
2021-12-16,168.16000366210938,11186200
2021-12-17,167.8000030517578,9856900
2021-12-20,167.08999633789062,6973000
2021-12-21,167.02000427246094,4548500
2021-12-22,168.58999633789062,4672900
2021-12-23,168.97000122070312,4551100
2021-12-27,169.3699951171875,4760300
2021-12-28,168.63999938964844,4541900
2021-12-29,168.58999633789062,5889700
2021-12-30,169.8000030517578,5426300
2021-12-31,170.9600067138672,7039300
2022-01-03,168.3300018310547,9014400
2022-01-04,169.57000732421875,6965600
2022-01-05,169.05999755859375,8715600
2022-01-06,166.99000549316406,10902700
2022-01-07,167.75,8191900
2022-01-10,168.25999450683594,7026500
2022-01-11,170.2899932861328,8369000
2022-01-12,170.74000549316406,6280700
2022-01-13,170.16000366210938,7034200
2022-01-14,169.6699981689453,7865900
2022-01-18,169.38999938964844,9322800
2022-01-19,172.0800018310547,15784500
2022-01-20,171.64999389648438,9570500
2022-01-21,171.08999633789062,10982500
2022-01-24,172.02999877929688,15727700
2022-01-25,172.5800018310547,17382100
2022-01-26,169.7899932861328,17799400
2022-01-27,167.60000610351562,15867300
2022-01-28,167.10000610351562,9782500
2022-01-31,168.08999633789062,8539300
2022-02-01,168.22999572753906,9763900
2022-02-02,168.83999633789062,9085300
2022-02-03,168.60000610351562,10650800
2022-02-04,168.86000061035156,9619600
2022-02-07,170.11000061035156,7796900
2022-02-08,170.6300048828125,5802000
2022-02-09,171.2100067138672,8002800
2022-02-10,170.55999755859375,10693500
2022-02-11,173.80999755859375,25741500
2022-02-14,174.74000549316406,13650700
2022-02-15,173.0800018310547,12603600
2022-02-16,174.86000061035156,12772100
2022-02-17,177.25,18612500
2022-02-18,177.1199951171875,12760700
2022-02-22,177.49000549316406,14960500
2022-02-23,178.2899932861328,11772200
2022-02-24,177.13999938964844,32726000
2022-02-25,176.5500030517578,11530900
2022-02-28,178.3800048828125,16055800
2022-03-01,181.6199951171875,21942100
2022-03-02,179.72999572753906,19727200
2022-03-03,180.8000030517578,15164400
2022-03-04,183.67999267578125,22390100
2022-03-07,186.41000366210938,27951800
2022-03-08,191.50999450683594,47347700
2022-03-09,185.82000732421875,26839700
2022-03-10,186.39999389648438,18455200
2022-03-11,185.08999633789062,14824700
2022-03-14,182.3000030517578,13186400
2022-03-15,178.88999938964844,16962300
2022-03-16,180.00999450683594,17548100
2022-03-17,180.88999938964844,10954100
2022-03-18,179.3000030517578,13996500
2022-03-21,180.6699981689453,10582200
2022-03-22,179.36000061035156,9621800
2022-03-23,181.80999755859375,12557300
2022-03-24,183.1300048828125,10970100
2022-03-25,182.3800048828125,7911100
2022-03-28,179.05999755859375,9489700
2022-03-29,179.13999938964844,10458900
2022-03-30,180.5800018310547,8361300
2022-03-31,180.64999389648438,9844400
2022-04-01,179.5,13034400
2022-04-04,180.3699951171875,7063100
2022-04-05,179.24000549316406,10828500
2022-04-06,179.66000366210938,8942100
2022-04-07,180.33999633789062,10140600
2022-04-08,181.47000122070312,10655700
2022-04-11,182.3699951171875,10071300
2022-04-12,183.77000427246094,12024600
2022-04-13,184.64999389648438,8651600
2022-04-14,184.0399932861328,11567200
2022-04-18,184.61000061035156,8886700
2022-04-19,181.82000732421875,12585600
2022-04-20,182.7100067138672,7038600
2022-04-21,182.05999755859375,9639800
2022-04-22,180.2899932861328,9147000
2022-04-25,177.0500030517578,13073700
2022-04-26,177.32000732421875,9042400
2022-04-27,175.97999572753906,8854700
2022-04-28,176.92999267578125,6381100
2022-04-29,176.91000366210938,7719700
2022-05-02,173.6300048828125,14318600
2022-05-03,174.08999633789062,7214300
2022-05-04,175.8000030517578,10491700
2022-05-05,175.1300048828125,12794200
2022-05-06,175.4199981689453,7643300
2022-05-09,172.8800048828125,10742400
2022-05-10,171.4199981689453,11010400
2022-05-11,172.82000732421875,9179600
2022-05-12,170.1699981689453,11626800
2022-05-13,168.7899932861328,13031100
2022-05-16,170.39999389648438,7319300
2022-05-17,169.3300018310547,6441100
2022-05-18,169.4199981689453,7472900
2022-05-19,171.91000366210938,10580300
2022-05-20,172.02999877929688,6578100
2022-05-23,172.8300018310547,5518500
2022-05-24,174.1300048828125,6794000
2022-05-25,173.0800018310547,4595900
2022-05-26,172.75999450683594,6467000
2022-05-27,172.85000610351562,3847900
2022-05-31,171.13999938964844,6244000
2022-06-01,172.22999572753906,6946500
2022-06-02,174.35000610351562,5623100
2022-06-03,172.5800018310547,5519400
2022-06-06,171.82000732421875,3766000
2022-06-07,172.94000244140625,3860000
2022-06-08,172.77999877929688,5140800
2022-06-09,172.22999572753906,4701100
2022-06-10,174.5399932861328,16856100
2022-06-13,169.92999267578125,13265200
2022-06-14,168.57000732421875,7347900
2022-06-15,170.77000427246094,9000300
2022-06-16,172.69000244140625,8823600
2022-06-17,171.27000427246094,7407200
2022-06-21,170.6300048828125,5608500
2022-06-22,171.30999755859375,6558700
2022-06-23,170.25999450683594,6535300
2022-06-24,170.08999633789062,6143100
2022-06-27,169.89999389648438,5719700
2022-06-28,169.6199951171875,2982700
2022-06-29,169.49000549316406,4785600
2022-06-30,168.4600067138672,9144400
2022-07-01,168.32000732421875,11380300
2022-07-05,164.75,14035400
2022-07-06,162.13999938964844,11861100
2022-07-07,162.22999572753906,4588400
2022-07-08,162.3000030517578,4584100
2022-07-11,161.42999267578125,4321700
2022-07-12,160.8300018310547,5375100
2022-07-13,161.60000610351562,8456600
2022-07-14,159.3300018310547,12213600
2022-07-15,159.00999450683594,6783800
2022-07-18,159.16000366210938,5791800
2022-07-19,159.5399932861328,3796200
2022-07-20,158.0399932861328,4795800
2022-07-21,160.27000427246094,5863300
2022-07-22,160.6699981689453,5733800
2022-07-25,160.22999572753906,3713400
2022-07-26,160.0399932861328,2672800
2022-07-27,161.6699981689453,5766100
2022-07-28,163.63999938964844,5606400
2022-07-29,164.10000610351562,7537300
2022-08-01,165.02999877929688,4666900
2022-08-02,164.0500030517578,5725400
2022-08-03,164.4499969482422,4417800
2022-08-04,167.1699981689453,5502000
2022-08-05,165.2899932861328,6023300
2022-08-08,166.69000244140625,3456300
2022-08-09,167.1999969482422,3205500
2022-08-10,166.77999877929688,4077300
2022-08-11,166.33999633789062,4446000
2022-08-12,167.8699951171875,5151700
2022-08-15,165.7100067138672,5236100
2022-08-16,165.4199981689453,4291500
2022-08-17,164.35000610351562,5569100
2022-08-18,163.9199981689453,3646100
2022-08-19,162.72000122070312,8173000
2022-08-22,161.63999938964844,4458100
2022-08-23,162.77000427246094,4425100
2022-08-24,163.25,3202400
2022-08-25,163.75,2857500
2022-08-26,161.75999450683594,6689300
2022-08-29,161.86000061035156,4702300
2022-08-30,160.50999450683594,4856600
2022-08-31,159.27000427246094,5438600
2022-09-01,157.8699951171875,7390800
2022-09-02,159.25999450683594,5196900
2022-09-06,158.3300018310547,4863800
2022-09-07,159.94000244140625,3981400
2022-09-08,158.97999572753906,4607100
2022-09-09,159.82000732421875,3927800
2022-09-12,160.6300048828125,4537500
2022-09-13,158.5399932861328,6526400
2022-09-14,157.92999267578125,6091100
2022-09-15,154.97999572753906,13181200
2022-09-16,155.83999633789062,7141200
2022-09-19,155.9600067138672,5582800
2022-09-20,155.07000732421875,5943700
2022-09-21,155.7899932861328,7816100
2022-09-22,155.6999969482422,5975200
2022-09-23,153.00999450683594,9598000
2022-09-26,151.22999572753906,8240500
2022-09-27,151.5399932861328,7151300
2022-09-28,154.69000244140625,8977200
2022-09-29,154.66000366210938,6317000
2022-09-30,154.6699981689453,6832400
2022-10-03,158.42999267578125,10362200
2022-10-04,160.6999969482422,8024500
2022-10-05,159.80999755859375,5296300
2022-10-06,159.6300048828125,5712600
2022-10-07,157.8800048828125,5030000
2022-10-10,155.47999572753906,6110800
2022-10-11,155.16000366210938,5306700
2022-10-12,155.99000549316406,3998500
2022-10-13,154.91000366210938,7083800
2022-10-14,152.97999572753906,5471900
2022-10-17,153.4199981689453,4348000
2022-10-18,153.75,4528400
2022-10-19,151.69000244140625,8257100
2022-10-20,151.4499969482422,5019800
2022-10-21,154.14999389648438,6898400
2022-10-24,153.64999389648438,4673300
2022-10-25,154.0,3434100
2022-10-26,154.97999572753906,4448200
2022-10-27,154.74000549316406,3654900
2022-10-28,153.16000366210938,4645400
2022-10-31,151.91000366210938,6097800
2022-11-01,153.4600067138672,4603600
2022-11-02,152.38999938964844,7210900
2022-11-03,151.80999755859375,5378800
2022-11-04,156.47000122070312,7692000
2022-11-07,155.85000610351562,4425700
2022-11-08,159.4499969482422,11299600
2022-11-09,158.64999389648438,6040600
2022-11-10,163.47999572753906,9939900
2022-11-11,164.55999755859375,4622400
2022-11-14,164.9199981689453,6187600
2022-11-15,165.5,9903500
2022-11-16,165.1199951171875,3645800
2022-11-17,163.9199981689453,4574400
2022-11-18,162.7899932861328,4321100
2022-11-21,161.8800048828125,4766500
2022-11-22,162.07000732421875,3203800
2022-11-23,163.0800018310547,4167000
2022-11-25,163.22000122070312,1436500
2022-11-28,161.92999267578125,4052900
2022-11-29,162.72999572753906,2620600
2022-11-30,164.80999755859375,4874700
2022-12-01,167.83999633789062,8625800
2022-12-02,167.25999450683594,5185900
2022-12-05,164.38999938964844,5436200
2022-12-06,164.83999633789062,3597800
2022-12-07,166.3300018310547,4610700
2022-12-08,166.47000122070312,3217900
2022-12-09,167.05999755859375,5431300
2022-12-12,165.67999267578125,3504400
2022-12-13,168.50999450683594,6750200
2022-12-14,168.10000610351562,5643000
2022-12-15,165.35000610351562,8363000
2022-12-16,166.7899932861328,5372000
2022-12-19,166.32000732421875,3940500
2022-12-20,169.0800018310547,7803100
2022-12-21,168.8000030517578,3990100
2022-12-22,166.75999450683594,5672700
2022-12-23,167.25999450683594,2912300
2022-12-27,168.6699981689453,6885700
2022-12-28,167.91000366210938,3662500
2022-12-29,168.85000610351562,3345900
2022-12-30,169.63999938964844,2864500
2023-01-03,171.05999755859375,7992900
2023-01-04,172.6699981689453,7574600
2023-01-05,170.52000427246094,4692600
2023-01-06,173.7100067138672,7889000
2023-01-09,174.10000610351562,5134500
2023-01-10,174.74000549316406,4398400
2023-01-11,174.6199951171875,3374200
2023-01-12,176.63999938964844,6936900
2023-01-13,178.75999450683594,7468800
2023-01-17,177.58999633789062,6610800
2023-01-18,177.0800018310547,5384700
2023-01-19,179.88999938964844,6678700
2023-01-20,179.2899932861328,5754800
2023-01-23,179.6300048828125,5265500
2023-01-24,180.27999877929688,4604600
2023-01-25,181.11000061035156,6925300
2023-01-26,179.47000122070312,5860100
2023-01-27,179.22000122070312,6052700
2023-01-30,178.75999450683594,4210700
2023-01-31,179.41000366210938,5976900
2023-02-01,181.6699981689453,7996000
2023-02-02,177.89999389648438,8842400
2023-02-03,173.4600067138672,13674400
2023-02-06,173.82000732421875,8957000
2023-02-07,173.97999572753906,6794200
2023-02-08,174.41000366210938,4075600
2023-02-09,173.02999877929688,5361300
2023-02-10,173.36000061035156,2971100
2023-02-13,172.47999572753906,3970800
2023-02-14,172.61000061035156,5403100
2023-02-15,170.88999938964844,5423800
2023-02-16,170.75,4540400
2023-02-17,171.25999450683594,4809800
2023-02-21,170.6199951171875,4035900
2023-02-22,169.66000366210938,4105700
2023-02-23,169.57000732421875,5073500
2023-02-24,168.35000610351562,6496500
2023-02-27,169.00999450683594,4509200
2023-02-28,169.77999877929688,6761600
2023-03-01,170.75999450683594,6590500
2023-03-02,170.66000366210938,3950700
2023-03-03,172.49000549316406,6894500
2023-03-06,171.6199951171875,4264100
2023-03-07,168.6199951171875,8713300
2023-03-08,168.5399932861328,5718600
2023-03-09,170.1999969482422,5583000
2023-03-10,173.8699951171875,13803400
2023-03-13,177.86000061035156,20554400
2023-03-14,176.8300018310547,10019000
2023-03-15,178.2100067138672,14546100
2023-03-16,178.57000732421875,10762200
2023-03-17,183.77000427246094,24156300
2023-03-20,183.83999633789062,11845700
2023-03-21,180.3699951171875,10734500
2023-03-22,183.44000244140625,11969600
2023-03-23,185.74000549316406,11347100
2023-03-24,183.64999389648438,9245900
2023-03-27,181.9499969482422,6925000
2023-03-28,183.44000244140625,6202600
2023-03-29,182.52999877929688,4996500
2023-03-30,184.17999267578125,6360300
2023-03-31,183.22000122070312,8003300
2023-04-03,184.5399932861328,9206600
2023-04-04,187.97999572753906,13765400
2023-04-05,187.8300018310547,11440800
2023-04-06,186.49000549316406,6648400
2023-04-10,185.11000061035156,6408100
2023-04-11,186.27999877929688,6031500
2023-04-12,187.19000244140625,10000900
2023-04-13,189.72000122070312,14060100
2023-04-14,186.36000061035156,13272500
2023-04-17,185.52999877929688,7468100
2023-04-18,186.25,8056900
2023-04-19,185.36000061035156,7373500
2023-04-20,186.08999633789062,5789900
2023-04-21,184.25,10698700
2023-04-24,184.80999755859375,8303400
2023-04-25,185.75,8451900
2023-04-26,184.74000549316406,8203600
2023-04-27,184.75,9107400
2023-04-28,184.8000030517578,6700400
2023-05-01,183.97000122070312,7997700
2023-05-02,187.52000427246094,14680600
2023-05-03,189.11000061035156,11133800
2023-05-04,190.44000244140625,14146800
2023-05-05,187.4600067138672,12508100
2023-05-08,187.69000244140625,6075400
2023-05-09,189.02000427246094,7098800
2023-05-10,188.75,9392100
2023-05-11,187.1300048828125,8245500
2023-05-12,186.80999755859375,7087500
2023-05-15,187.2100067138672,5518100
2023-05-16,184.8699951171875,9519500
2023-05-17,184.22999572753906,7474300
2023-05-18,181.83999633789062,8812600
2023-05-19,183.63999938964844,8435000
2023-05-22,183.2100067138672,4834300
2023-05-23,183.42999267578125,6345000
2023-05-24,181.9499969482422,6732900
2023-05-25,180.1999969482422,6919200
2023-05-26,180.9199981689453,5823700
2023-05-30,182.0399932861328,4906100
2023-05-31,182.32000732421875,8497900
2023-06-01,183.75999450683594,7300500
2023-06-02,181.0500030517578,8726100
2023-06-05,182.13999938964844,5748800
2023-06-06,182.33999633789062,4967200
2023-06-07,180.14999389648438,9066500
2023-06-08,182.52999877929688,6394100
2023-06-09,182.0399932861328,4379200
2023-06-12,181.8800048828125,4873600
2023-06-13,180.5399932861328,5126700
2023-06-14,180.63999938964844,6807000
2023-06-15,181.91000366210938,6739000
2023-06-16,181.6300048828125,8779100
2023-06-20,179.75,7584200
2023-06-21,179.49000549316406,6702300
2023-06-22,177.7100067138672,7945000
2023-06-23,178.1999969482422,5419800
2023-06-26,178.50999450683594,3222100
2023-06-27,177.69000244140625,5036900
2023-06-28,177.27999877929688,5866700
2023-06-29,177.08999633789062,6862500
2023-06-30,178.27000427246094,6420900
2023-07-03,178.47000122070312,4085700
2023-07-05,177.83999633789062,5650600
2023-07-06,177.30999755859375,5133000
2023-07-07,178.63999938964844,5201100
2023-07-10,178.77999877929688,3320500
2023-07-11,179.4499969482422,2818800
2023-07-12,181.8800048828125,7062000
2023-07-13,182.00999450683594,4527900
2023-07-14,181.42999267578125,5390000
2023-07-17,181.55999755859375,4152400
2023-07-18,183.63999938964844,8238000
2023-07-19,183.6699981689453,3911600
2023-07-20,182.74000549316406,4972900
2023-07-21,182.17999267578125,3845400
2023-07-24,181.39999389648438,4370000
2023-07-25,182.41000366210938,4090100
2023-07-26,183.3000030517578,6158400
2023-07-27,180.4199981689453,7592800
2023-07-28,181.86000061035156,3828800
2023-07-31,182.35000610351562,5494800
2023-08-01,180.4600067138672,6239700
2023-08-02,179.60000610351562,6339700
2023-08-03,179.5399932861328,4636300
2023-08-04,180.19000244140625,5326200
2023-08-07,179.77999877929688,4510400
2023-08-08,178.63999938964844,6162900
2023-08-09,177.7899932861328,4644000
2023-08-10,177.60000610351562,5934600
2023-08-11,177.60000610351562,5289700
2023-08-14,177.05999755859375,9554500
2023-08-15,176.58999633789062,7582700
2023-08-16,175.57000732421875,6559400
2023-08-17,175.3000030517578,7937700
2023-08-18,175.3300018310547,6253000
2023-08-21,175.80999755859375,4206400
2023-08-22,176.10000610351562,5892200
2023-08-23,177.88999938964844,7949100
2023-08-24,177.85000610351562,5526400
2023-08-25,177.6199951171875,6132800
2023-08-28,178.1300048828125,4740700
2023-08-29,179.8699951171875,7576600
2023-08-30,180.32000732421875,6593700
2023-08-31,180.02000427246094,4795600
2023-09-01,180.11000061035156,4970700
2023-09-05,178.63999938964844,7056800
2023-09-06,177.8300018310547,6427200
2023-09-07,178.02000427246094,3257200
2023-09-08,178.0800018310547,3292700
2023-09-11,178.41000366210938,3689100
2023-09-12,177.49000549316406,4445400
2023-09-13,177.0800018310547,3874800
2023-09-14,177.1699981689453,6184400
2023-09-15,178.33999633789062,5620900
2023-09-18,179.38999938964844,5049300
2023-09-19,179.22000122070312,4224700
2023-09-20,179.35000610351562,9328000
2023-09-21,178.0500030517578,7571900
2023-09-22,178.6199951171875,3634800
2023-09-25,177.6999969482422,5582100
2023-09-26,176.27999877929688,7181100
2023-09-27,174.10000610351562,10919600
2023-09-28,173.22999572753906,10061900
2023-09-29,171.4499969482422,10427400
2023-10-02,169.64999389648438,12706000
2023-10-03,169.16000366210938,11459800
2023-10-04,169.13999938964844,10034600
2023-10-05,168.8300018310547,6970200
2023-10-06,169.6999969482422,9948400
2023-10-09,172.82000732421875,10201500
2023-10-10,172.52999877929688,5844000
2023-10-11,173.7899932861328,7128000
2023-10-12,173.25999450683594,5912700
2023-10-13,178.8300018310547,18796500
2023-10-16,177.9600067138672,8385400
2023-10-17,178.2899932861328,8231900
2023-10-18,180.8699951171875,13920800
2023-10-19,183.08999633789062,13406600
2023-10-20,183.58999633789062,12785700
2023-10-23,182.97000122070312,9479800
2023-10-24,182.9499969482422,6594000
2023-10-25,183.72000122070312,10087000
2023-10-26,184.00999450683594,7671400
2023-10-27,186.14999389648438,14102800
2023-10-30,185.10000610351562,8756400
2023-10-31,184.08999633789062,10104600
2023-11-01,183.50999450683594,9048600
2023-11-02,184.1199951171875,7343700
2023-11-03,184.7899932861328,8530400
2023-11-06,183.35000610351562,8274700
2023-11-07,182.58999633789062,6795800
2023-11-08,180.77000427246094,6738300
2023-11-09,181.49000549316406,6486300
2023-11-10,179.50999450683594,7606600
2023-11-13,180.50999450683594,5385900
2023-11-14,182.1199951171875,6831600
2023-11-15,181.63999938964844,4909400
2023-11-16,183.69000244140625,8253300
2023-11-17,183.6699981689453,4871100
2023-11-20,183.3699951171875,5389300
2023-11-21,185.35000610351562,7322400
2023-11-22,184.55999755859375,4337700
2023-11-24,185.52000427246094,2445100
2023-11-27,186.77000427246094,6320400
2023-11-28,189.25999450683594,10901900
2023-11-29,189.5399932861328,8407300
2023-11-30,188.75,7558100
2023-12-01,192.00999450683594,16727600
2023-12-04,187.86000061035156,18460500
2023-12-05,187.14999389648438,7027700
2023-12-06,187.83999633789062,5778600
2023-12-07,188.14999389648438,5802000
2023-12-08,185.63999938964844,7883200
2023-12-11,183.58999633789062,8519500
2023-12-12,183.49000549316406,5056900
2023-12-13,187.6300048828125,10635500
2023-12-14,188.72999572753906,9107200
2023-12-15,187.0,8324800
2023-12-18,187.85000610351562,5358000
2023-12-19,189.1300048828125,6025600
2023-12-20,188.10000610351562,6002400
2023-12-21,189.42999267578125,4620000
2023-12-22,190.27000427246094,7176300
2023-12-26,191.72000122070312,4502700
2023-12-27,192.58999633789062,5813300
2023-12-28,191.47000122070312,6171500
2023-12-29,191.1699981689453,4612300
2024-01-02,190.72000122070312,6025600
2024-01-03,189.1300048828125,8661600
2024-01-04,189.32000732421875,4416700
2024-01-05,189.35000610351562,7481900
2024-01-08,187.8699951171875,6215000
2024-01-09,187.92999267578125,4437300
2024-01-10,187.5,4504700
2024-01-11,187.8699951171875,6831100
2024-01-12,189.7100067138672,6833700
2024-01-16,187.91000366210938,6548100
2024-01-17,185.83999633789062,8643200
2024-01-18,187.3699951171875,4685200
2024-01-19,187.92999267578125,5719700
2024-01-22,187.22000122070312,4397500
2024-01-23,187.9499969482422,5040800
2024-01-24,186.39999389648438,6085400
2024-01-25,187.13999938964844,4651000
2024-01-26,187.00999450683594,5064800
2024-01-29,188.3300018310547,5629700
2024-01-30,188.58999633789062,4976500
2024-01-31,188.4499969482422,7886100
2024-02-01,190.41000366210938,10278100
2024-02-02,188.61000061035156,7337600
2024-02-05,187.57000732421875,5436100
2024-02-06,188.5500030517578,4866100
2024-02-07,188.5,6276900
2024-02-08,188.3300018310547,3873300
2024-02-09,187.60000610351562,4412600
2024-02-12,187.11000061035156,4706300
2024-02-13,184.52999877929688,9525800
2024-02-14,184.4199981689453,7031600
2024-02-15,185.66000366210938,6228900
2024-02-16,186.33999633789062,6518500
2024-02-20,187.47000122070312,5531200
2024-02-21,187.47999572753906,5789200
2024-02-22,187.55999755859375,4550800
2024-02-23,188.6199951171875,6827300
2024-02-26,188.1999969482422,4491900
2024-02-27,188.0,5165400
2024-02-28,188.33999633789062,2824100
2024-02-29,189.30999755859375,6848600
2024-03-01,192.88999938964844,13411000
2024-03-04,196.00999450683594,12216300
2024-03-05,197.19000244140625,9672200
2024-03-06,198.80999755859375,10459300
2024-03-07,199.94000244140625,8403700
2024-03-08,201.6300048828125,13540100
2024-03-11,202.0,7329600
2024-03-12,199.7899932861328,9436600
2024-03-13,201.19000244140625,5930000
2024-03-14,200.35000610351562,6865000
2024-03-15,199.7100067138672,4556700
2024-03-18,200.02999877929688,7206800
2024-03-19,199.8000030517578,4657500
2024-03-20,202.17999267578125,9593800
2024-03-21,201.97000122070312,7396500
2024-03-22,200.35000610351562,6918500
2024-03-25,200.99000549316406,4034800
2024-03-26,201.63999938964844,5752700
2024-03-27,203.10000610351562,6041000
2024-03-28,205.72000122070312,9194500
2024-04-01,207.82000732421875,13677100
2024-04-02,210.88999938964844,13421100
2024-04-03,212.74000549316406,11416200
2024-04-04,211.52000427246094,12307300
2024-04-05,215.13999938964844,13382700
2024-04-08,216.47999572753906,10331400
2024-04-09,217.6699981689453,13069900
2024-04-10,215.61000061035156,13317500
2024-04-11,219.8000030517578,11415200
2024-04-12,216.88999938964844,30898800
2024-04-15,220.9499969482422,13239000
2024-04-16,221.22000122070312,10746100
2024-04-17,219.58999633789062,11521100
2024-04-18,220.33999633789062,6496900
2024-04-19,221.02999877929688,8689000
2024-04-22,215.57000732421875,13404300
2024-04-23,215.0399932861328,10730300
2024-04-24,214.63999938964844,5741100
2024-04-25,215.9199981689453,6606500
2024-04-26,216.6199951171875,6268500
2024-04-29,216.17999267578125,6409900
2024-04-30,211.8699951171875,11248600
2024-05-01,213.7899932861328,10373900
2024-05-02,213.1300048828125,6287000
2024-05-03,212.9600067138672,8679900
2024-05-06,215.1999969482422,6840500
2024-05-07,214.2100067138672,5660700
2024-05-08,213.5800018310547,4462700
2024-05-09,216.9499969482422,7732500
2024-05-10,218.7100067138672,8700900
2024-05-13,216.25999450683594,4896300
2024-05-14,218.08999633789062,4662700
2024-05-15,220.88999938964844,9297700
2024-05-16,220.02999877929688,4301700
2024-05-17,223.66000366210938,10481900
2024-05-20,224.55999755859375,5990900
2024-05-21,224.22999572753906,4002600
2024-05-22,220.11000061035156,8903100
2024-05-23,215.72000122070312,9537900
2024-05-24,215.9199981689453,4212400
2024-05-28,218.19000244140625,3809700
2024-05-29,216.16000366210938,4185000
2024-05-30,216.57000732421875,3068800
2024-05-31,215.3000030517578,5617200
2024-06-03,217.22000122070312,6172600
2024-06-04,215.27000427246094,5509400
2024-06-05,217.82000732421875,5479200
2024-06-06,219.42999267578125,5283900
2024-06-07,211.60000610351562,12195100
2024-06-10,213.5399932861328,4215300
2024-06-11,214.14999389648438,4004100
2024-06-12,214.72000122070312,5911900
2024-06-13,212.97000122070312,5861100
2024-06-14,215.72999572753906,7076500
2024-06-17,214.61000061035156,3877700
2024-06-18,215.47000122070312,4921400
2024-06-20,218.16000366210938,7290500
2024-06-21,214.77999877929688,8865600
2024-06-24,215.6300048828125,4626900
2024-06-25,214.55999755859375,3820900
2024-06-26,212.5800018310547,4690300
2024-06-27,214.99000549316406,4977800
2024-06-28,215.00999450683594,3955100
2024-07-01,215.57000732421875,3797900
2024-07-02,215.55999755859375,4921700
2024-07-03,217.99000549316406,5055300
2024-07-05,220.92999267578125,5950600
2024-07-08,218.19000244140625,5790800
2024-07-09,218.55999755859375,3901500
2024-07-10,219.36000061035156,5556200
2024-07-11,223.25,9322000
2024-07-12,223.11000061035156,5179300
2024-07-15,223.8300018310547,5719300
2024-07-16,228.2899932861328,11070700
2024-07-17,227.22999572753906,8620500
2024-07-18,225.77999877929688,5485500
2024-07-19,221.72999572753906,8666000
2024-07-22,221.8000030517578,5334100
2024-07-23,222.5800018310547,4435700
2024-07-24,221.8000030517578,6838800
2024-07-25,218.3300018310547,9777100
2024-07-26,220.6300048828125,6328800
2024-07-29,220.32000732421875,4665100
2024-07-30,222.52000427246094,4939500
2024-07-31,226.5500030517578,7316600
2024-08-01,225.77000427246094,7217200
2024-08-02,225.33999633789062,11109400
2024-08-05,222.47999572753906,8939000
2024-08-06,220.6999969482422,14362300
2024-08-07,220.5500030517578,5287800
2024-08-08,224.00999450683594,6327100
2024-08-09,224.55999755859375,4441000
2024-08-12,228.41000366210938,5561300
2024-08-13,228.05999755859375,6740200
2024-08-14,226.1999969482422,5462500
2024-08-15,226.91000366210938,5273300
2024-08-16,231.99000549316406,11924500
2024-08-19,231.61000061035156,5164800
2024-08-20,232.4600067138672,9073600
2024-08-21,232.14999389648438,5337400
2024-08-22,229.3699951171875,5765400
2024-08-23,232.02000427246094,5418200
2024-08-26,232.75999450683594,3151400
2024-08-27,233.38999938964844,4435600
2024-08-28,231.75,4961500
2024-08-29,232.9499969482422,5524200
2024-08-30,231.2899932861328,5743000
2024-09-03,230.2899932861328,6417900
2024-09-04,230.42999267578125,4696000
2024-09-05,232.35000610351562,4838100
2024-09-06,230.6300048828125,6315800
2024-09-09,231.60000610351562,3548800
2024-09-10,232.6199951171875,4378300
2024-09-11,232.25,4637300
2024-09-12,236.3300018310547,9930200
2024-09-13,238.67999267578125,7455100
2024-09-16,238.66000366210938,4713500
2024-09-17,237.33999633789062,5257100
2024-09-18,235.50999450683594,11081100
2024-09-19,239.1699981689453,6108200
2024-09-20,242.2100067138672,7737400
2024-09-23,242.67999267578125,5426200
2024-09-24,246.07000732421875,8386300
2024-09-25,245.72999572753906,7393400
2024-09-26,246.97999572753906,7041100
2024-09-27,245.02000427246094,8329600
2024-09-30,243.05999755859375,6916700
2024-10-01,245.61000061035156,10605500
2024-10-02,245.66000366210938,6798800
2024-10-03,245.49000549316406,5674500
2024-10-04,245.0,5947800
2024-10-07,244.1699981689453,3849000
2024-10-08,242.3699951171875,7669800
2024-10-09,241.0500030517578,4120500
2024-10-10,242.82000732421875,4792700
2024-10-11,245.47000122070312,5789500
2024-10-14,245.07000732421875,3922900
2024-10-15,245.9199981689453,5640800
2024-10-16,247.14999389648438,5431900
2024-10-17,248.6300048828125,5176200
2024-10-18,251.27000427246094,7833600
2024-10-21,251.22000122070312,9258600
2024-10-22,253.92999267578125,5756300
2024-10-23,250.8699951171875,8081000
2024-10-24,252.8000030517578,5962200
2024-10-25,253.32000732421875,4424500
2024-10-28,253.3300018310547,4029100
2024-10-29,256.0899963378906,8875500
2024-10-30,257.5,6386200
2024-10-31,253.50999450683594,9930800
2024-11-01,252.47000122070312,6473000
2024-11-04,252.8300018310547,4581400
2024-11-05,253.39999389648438,6029900
2024-11-06,245.6999969482422,14600200
2024-11-07,249.64999389648438,8821400
2024-11-08,247.9600067138672,6267900
2024-11-11,242.13999938964844,11653800
2024-11-12,240.0500030517578,10145500
2024-11-13,237.6300048828125,8431700
2024-11-14,237.00999450683594,8262400
2024-11-15,236.58999633789062,7299500
2024-11-18,241.08999633789062,6323400
2024-11-19,243.25,6579100
2024-11-20,244.6199951171875,6630700
2024-11-21,246.66000366210938,7646400
2024-11-22,249.83999633789062,7503000
2024-11-25,242.47999572753906,10733100
2024-11-26,242.9499969482422,4945900
2024-11-27,243.49000549316406,6930600
2024-11-29,245.58999633789062,2708500
2024-12-02,243.44000244140625,4765000
2024-12-03,243.92999267578125,3557800
2024-12-04,244.6699981689453,4608600
2024-12-05,242.86000061035156,4806200
2024-12-06,242.9499969482422,3540700
2024-12-09,245.36000061035156,4711500
2024-12-10,248.58999633789062,4642000
2024-12-11,250.9600067138672,11033800
2024-12-12,247.27999877929688,10149600
2024-12-13,244.2899932861328,6602600
2024-12-16,244.8800048828125,3310000
2024-12-17,243.94000244140625,4421300
2024-12-18,239.25999450683594,8015800
2024-12-19,239.60000610351562,8111400
2024-12-20,242.10000610351562,9527800
2024-12-23,240.9600067138672,5835500
2024-12-24,241.44000244140625,2421000
2024-12-26,243.07000732421875,4645100
2024-12-27,241.39999389648438,4728100
2024-12-30,240.6300048828125,3522500
2024-12-31,242.1300048828125,2522100
2025-01-02,245.4199981689453,6241900
2025-01-03,243.49000549316406,4872100
2025-01-06,243.19000244140625,3758900
2025-01-07,244.55999755859375,5090300
2025-01-08,245.86000061035156,6303300
2025-01-10,248.2100067138672,12380100
2025-01-13,245.74000549316406,8448600
2025-01-14,247.02999877929688,4914800
2025-01-15,248.8800048828125,6345000
2025-01-16,250.60000610351562,9236000
2025-01-17,249.27000427246094,8312900
2025-01-21,253.1300048828125,7668100
2025-01-22,254.42999267578125,5213800
2025-01-23,254.07000732421875,6511500
2025-01-24,255.64999389648438,7341300
2025-01-27,252.99000549316406,5799800
2025-01-28,255.17999267578125,5332000
2025-01-29,254.1999969482422,5671800
2025-01-30,258.04998779296875,12981200
2025-01-31,258.55999755859375,8961100
2025-02-03,259.94000244140625,11521100
2025-02-04,262.5,9850400
2025-02-05,264.1300048828125,12681100
2025-02-06,263.42999267578125,8731400
2025-02-07,263.8999938964844,9154000
2025-02-10,268.3699951171875,13250300
2025-02-11,267.3900146484375,7169500
2025-02-12,267.6700134277344,9328600
2025-02-13,270.30999755859375,8347500
2025-02-14,266.2900085449219,11546700
2025-02-18,270.70001220703125,8185900
2025-02-19,270.8500061035156,9342500
2025-02-20,270.989990234375,7356900
2025-02-21,270.739990234375,8917400
2025-02-24,272.2099914550781,5374400
2025-02-25,268.6199951171875,10079800
2025-02-26,269.0299987792969,7276000
2025-02-27,264.92999267578125,9374600
2025-02-28,263.2699890136719,11504500
2025-03-03,266.739990234375,7725600
2025-03-04,269.05999755859375,8481300
2025-03-05,269.6199951171875,6990400
2025-03-06,268.25,6136400
2025-03-07,268.3900146484375,10431200
2025-03-10,266.0400085449219,7593900
2025-03-11,269.1600036621094,8436600
2025-03-12,270.3299865722656,7236200
2025-03-13,275.1300048828125,13741500
2025-03-14,275.239990234375,13365000
2025-03-17,276.7300109863281,8583400
2025-03-18,279.9599914550781,9596500
2025-03-19,281.1099853515625,8822200
2025-03-20,280.75,5863300
2025-03-21,278.489990234375,9359300
2025-03-24,277.25,7870100
2025-03-25,278.4700012207031,5090200
2025-03-26,278.239990234375,3717500
2025-03-27,281.9700012207031,8476300
2025-03-28,284.05999755859375,9563700
2025-03-31,288.1400146484375,13925100
2025-04-01,287.57000732421875,15923600
2025-04-02,288.1600036621094,11074800
2025-04-03,286.4200134277344,20524400
2025-04-04,279.7200012207031,21517200
2025-04-07,273.7099914550781,19807000
2025-04-08,275.20001220703125,12639500
2025-04-09,285.3800048828125,25342200
2025-04-10,292.3500061035156,19837800
2025-04-11,297.92999267578125,21080100
2025-04-14,296.2300109863281,12427600
2025-04-15,297.7799987792969,7924100
2025-04-16,307.4700012207031,20778100
2025-04-17,306.1199951171875,18287800
2025-04-21,315.5899963378906,20372300
2025-04-22,311.1099853515625,35242300
2025-04-23,303.6499938964844,25421500
2025-04-24,308.07000732421875,10845000
2025-04-25,304.7300109863281,10691600
2025-04-28,309.07000732421875,9375500
2025-04-29,306.05999755859375,6852100
2025-04-30,303.7699890136719,8331900
2025-05-01,297.4599914550781,14969100
2025-05-02,297.9800109863281,8678400
2025-05-05,306.8800048828125,8924000
2025-05-06,315.4800109863281,11445300
2025-05-07,310.75,7888300
2025-05-08,304.6300048828125,11927600
2025-05-09,306.8399963378906,6913100
2025-05-12,298.19000244140625,14375900
2025-05-13,299.4599914550781,10233600
2025-05-14,293.1600036621094,14800600
2025-05-15,297.8399963378906,13497700
2025-05-16,294.239990234375,14173000
2025-05-19,298.0299987792969,11656300
2025-05-20,303.5799865722656,12851000
2025-05-21,305.82000732421875,12414500
2025-05-22,303.1099853515625,9704200
2025-05-23,309.75,13339500
2025-05-27,304.5,9578500
2025-05-28,303.80999755859375,8803300
2025-05-29,305.6099853515625,9487900
2025-05-30,303.6000061035156,9553300
2025-06-02,311.6700134277344,13593200
2025-06-03,308.9100036621094,9315100
2025-06-04,310.8999938964844,7462500
2025-06-05,309.3299865722656,10817800
2025-06-06,305.17999267578125,7787500
2025-06-09,306.6199951171875,7159000
2025-06-10,306.7099914550781,7071700
2025-06-11,308.3699951171875,9248800
2025-06-12,312.20001220703125,11531400
2025-06-13,316.2900085449219,16592900
2025-06-16,311.7799987792969,12848400
2025-06-17,311.94000244140625,8234100
2025-06-18,310.260009765625,9370800
2025-06-20,310.1300048828125,8794700
2025-06-23,311.0799865722656,12687900
2025-06-24,306.19000244140625,12035200
2025-06-25,307.1199951171875,6733200
2025-06-26,306.7799987792969,6787500
2025-06-27,301.2200012207031,13301300
2025-06-30,304.8299865722656,8192100
2025-07-01,307.54998779296875,9335600
2025-07-02,309.25,8316400
2025-07-03,307.1400146484375,5275800
2025-07-07,307.3699951171875,7351600
2025-07-08,304.1600036621094,11840500
2025-07-09,305.5199890136719,10644100
2025-07-10,306.20001220703125,7053700
2025-07-11,309.1400146484375,9187300
2025-07-14,308.010009765625,5772900
2025-07-15,306.7300109863281,8149000
2025-07-16,308.260009765625,17693100
2025-07-17,307.5899963378906,6642300
2025-07-18,308.3900146484375,5574300
2025-07-21,313.1300048828125,10995800
2025-07-22,316.1000061035156,13691800
2025-07-23,312.17999267578125,10547500
2025-07-24,310.2699890136719,7698800
2025-07-25,307.3999938964844,9376400
2025-07-28,305.4100036621094,9275400
2025-07-29,306.25,5741100
2025-07-30,300.9599914550781,13459600
2025-07-31,302.9599914550781,8981000
2025-08-01,309.1099853515625,12843400
2025-08-04,310.9100036621094,7639000
2025-08-05,311.1600036621094,6997700
2025-08-06,310.5,7418200
2025-08-07,313.1199951171875,10891500
2025-08-08,313.04998779296875,19886800
2025-08-11,308.54998779296875,10326700
2025-08-12,308.2699890136719,9697400
2025-08-13,309.2099914550781,4718600
2025-08-14,307.25,5817700
2025-08-15,307.42999267578125,5990100
2025-08-18,306.95001220703125,6150100
2025-08-19,305.2699890136719,5029900
2025-08-20,308.3599853515625,6515400
2025-08-21,307.2900085449219,4809000
2025-08-22,310.5799865722656,8526500
2025-08-25,309.8299865722656,4044400
2025-08-26,312.0799865722656,11698500
2025-08-27,312.7099914550781,4320100
2025-08-28,315.0299987792969,9610200
2025-08-29,318.07000732421875,15642600
2025-09-02,325.5899963378906,21247500
2025-09-03,328.1400146484375,16062200
2025-09-04,326.69000244140625,11703100
2025-09-05,331.04998779296875,16065200
2025-09-08,334.82000732421875,18617300
2025-09-09,334.05999755859375,21641900
2025-09-10,335.260009765625,11945700
2025-09-11,334.760009765625,9082600
2025-09-12,335.4200134277344,9619700
2025-09-15,338.9100036621094,10569900
2025-09-16,339.5899963378906,12161500
2025-09-17,336.9700012207031,16535300
2025-09-18,335.6199951171875,14913300
2025-09-19,339.17999267578125,14982600
2025-09-22,345.04998779296875,12386400
2025-09-23,346.4599914550781,18384000
2025-09-24,343.32000732421875,12709100
2025-09-25,344.75,12639600
2025-09-26,346.739990234375,11698200
2025-09-29,352.4599914550781,15719600
2025-09-30,355.4700012207031,13312400
2025-10-01,356.0299987792969,15573600
2025-10-02,354.7900085449219,16162100
2025-10-03,357.6400146484375,14464000
2025-10-06,364.3800048828125,17093700
2025-10-07,366.260009765625,16836800
2025-10-08,372.29998779296875,28052300
2025-10-09,365.42999267578125,33674800
2025-10-10,369.1199951171875,24192800
2025-10-13,378.0899963378906,18514400
2025-10-14,380.7900085449219,18409600
2025-10-15,387.3900146484375,20598300
2025-10-16,396.45001220703125,33621400
2025-10-17,388.989990234375,62025000
2025-10-20,403.1499938964844,34523000
2025-10-21,377.239990234375,54101400
2025-10-22,377.2799987792969,30524100
2025-10-23,378.7900085449219,13695500
2025-10-24,377.5199890136719,13263800
2025-10-27,367.010009765625,23657600
2025-10-28,364.3800048828125,19257600
2025-10-29,363.0,18891800
2025-10-30,370.1300048828125,14812800
2025-10-31,368.1199951171875,11077900
2025-11-03,368.7799987792969,7254300
2025-11-04,362.32000732421875,11540100
2025-11-05,366.510009765625,8357300
2025-11-06,366.07000732421875,6891100
2025-11-07,368.30999755859375,11060400
2025-11-10,378.3800048828125,13456200
2025-11-11,379.8699951171875,10753200
2025-11-12,385.989990234375,16203700
2025-11-13,382.8699951171875,15867900
2025-11-14,375.9599914550781,15198000
2025-11-17,371.6499938964844,13295200
2025-11-18,374.3500061035156,7818800
2025-11-19,374.9599914550781,10980400
2025-11-20,374.8500061035156,10506500
2025-11-21,374.2699890136719,13194600
2025-11-24,380.20001220703125,10085300
2025-11-25,380.0799865722656,10462800
2025-11-26,383.1199951171875,9184100
2025-11-28,387.8800048828125,7175400
2025-12-01,389.75,11177100
2025-12-02,387.239990234375,8103900
2025-12-03,386.8800048828125,7886800
2025-12-04,387.1300048828125,6754400
2025-12-05,386.44000244140625,9449800
2025-12-08,385.4200134277344,6822100
2025-12-09,387.3999938964844,6358700
2025-12-10,389.04998779296875,9120500
2025-12-11,393.239990234375,11240600
2025-12-12,395.44000244140625,16792100
2025-12-15,395.79998779296875,11345000
2025-12-16,395.8900146484375,9201600
2025-12-17,399.2900085449219,10456900
2025-12-18,398.57000732421875,11837600
2025-12-19,399.0199890136719,9894800
2025-12-22,408.2300109863281,14202100
2025-12-23,413.6400146484375,13193300
2025-12-24,411.92999267578125,6718400
2025-12-26,416.739990234375,10476200
2025-12-29,398.6000061035156,20679200
2025-12-30,398.8900146484375,10179000
2025-12-31,396.30999755859375,10194700
2026-01-02,398.2799987792969,10372600
2026-01-05,408.760009765625,13410600
2026-01-06,413.17999267578125,11640900
2026-01-07,409.2300109863281,10589500
2026-01-08,411.489990234375,8705900
2026-01-09,414.4700012207031,14011200
2026-01-12,422.2300109863281,20904100
2026-01-13,421.6300048828125,16681200
2026-01-14,425.94000244140625,18305500
2026-01-15,423.3299865722656,14253200
2026-01-16,421.2900085449219,20951600
2026-01-20,437.2300109863281,21308100
2026-01-21,443.6000061035156,38830200
2026-01-22,451.7900085449219,19251200
2026-01-23,458.0,21531900
2026-01-26,464.70001220703125,34156000
2026-01-27,476.1000061035156,28386200
2026-01-28,494.55999755859375,44154600
2026-01-29,495.8999938964844,69970900
2026-01-30,444.95001220703125,86593500
2026-02-02,427.1300048828125,41626200
2026-02-03,454.2900085449219,28703500
2026-02-04,453.9700012207031,24427900
2026-02-05,441.8800048828125,17718100
2026-02-06,455.4599914550781,12663900
2026-02-09,467.0299987792969,12330900
2026-02-10,462.3999938964844,7861600
2026-02-11,467.6300048828125,11209600
2026-02-12,451.3900146484375,20488800
2026-02-13,462.6199951171875,12359300
2026-02-17,448.20001220703125,10976100
2026-02-18,458.2799987792969,10226300
2026-02-19,459.55999755859375,8411400
2026-02-20,468.6199951171875,14316300
2026-02-23,481.2799987792969,17441600
2026-02-24,474.6099853515625,14147100
2026-02-25,473.4200134277344,12954300
2026-02-26,477.4800109863281,12375000
2026-02-27,483.75,16795100
2026-03-02,490.0,19916600
2026-03-03,468.1400146484375,22591500
2026-03-04,471.79998779296875,9985900
2026-03-05,466.1300048828125,11674800
2026-03-06,473.510009765625,10489800
2026-03-09,472.5299987792969,8829800
2026-03-10,477.8599853515625,9616800
2026-03-11,476.239990234375,7522900
2026-03-12,466.8800048828125,11900600
2026-03-13,460.8399963378906,11741600
2026-03-16,460.42999267578125,8964100
2026-03-17,459.2699890136719,7610100
2026-03-18,444.739990234375,18375600
2026-03-19,426.4100036621094,30206000
2026-03-20,413.3800048828125,27204900
2026-03-23,404.0400085449219,36796800
2026-03-24,404.1300048828125,17478500
2026-03-25,416.2900085449219,15713200
2026-03-26,400.6400146484375,15756300
2026-03-27,414.70001220703125,16580700
2026-03-30,414.5799865722656,13172100
2026-03-31,430.2900085449219,14534300
2026-04-01,437.82000732421875,14133100
2026-04-02,429.4100036621094,10838600
2026-04-06,427.6499938964844,5417300
2026-04-07,431.80999755859375,7263500
2026-04-08,434.5299987792969,9689700
2026-04-09,437.9100036621094,6748500
2026-04-10,437.1300048828125,6193300
2026-04-13,435.3599853515625,5549400
2026-04-14,445.0899963378906,8731700
2026-04-15,440.4599914550781,6455900
2026-04-16,440.0799865722656,5350100
2026-04-17,445.92999267578125,9712000
2026-04-20,442.0899963378906,8473000
2026-04-21,429.57000732421875,9480000
2026-04-22,435.260009765625,5178100
2026-04-23,431.0400085449219,4976400
2026-04-24,433.25,5924100
2026-04-27,429.8900146484375,6105200
2026-04-28,421.9100036621094,7723400
2026-04-29,417.4100036621094,6452600
2026-04-30,423.6600036621094,6732800
2026-05-01,423.17999267578125,5911500
2026-05-04,414.7099914550781,7285700
2026-05-05,418.2699890136719,4279900
2026-05-06,430.9599914550781,7013900
2026-05-07,431.67999267578125,6816200
2026-05-08,433.7699890136719,5380800
2026-05-11,434.6499938964844,5569100
2026-05-12,432.92999267578125,6660900
2026-05-13,430.5,4180300
2026-05-14,427.2099914550781,4021400
2026-05-15,417.2900085449219,9360400
2026-05-18,418.42999267578125,5628300
2026-05-19,411.5,5419400
2026-05-20,417.3999938964844,6005000
2026-05-21,416.989990234375,4679900
2026-05-22,413.82000732421875,5528400
2026-05-26,414.0,5098400
2026-05-27,408.489990234375,6624600
2026-05-28,412.7699890136719,7184100
2026-05-29,417.1199951171875,7705700
2026-06-01,411.260009765625,6158900
2026-06-02,411.95001220703125,3823900
2026-06-03,407.8699951171875,5038000
2026-06-04,411.2699890136719,4646500
2026-06-05,396.239990234375,11473900
2026-06-08,397.2699890136719,8057300
2026-06-09,390.7799987792969,9567300
2026-06-10,374.5799865722656,13956200
2026-06-11,386.32000732421875,12622500
2026-06-12,386.5400085449219,7521700
